
DROP DATABASE IF EXISTS `hittest`;
CREATE DATABASE IF NOT EXISTS `hittest`;
USE `hittest`;

CREATE TABLE IF NOT EXISTS `articles` (
  `id` int(11) unsigned NOT NULL AUTO_INCREMENT,
  `author_id` int(11) unsigned NOT NULL,
  `date_added` int(11) unsigned NOT NULL,
  PRIMARY KEY (`id`)
) ENGINE=InnoDB AUTO_INCREMENT=11 DEFAULT CHARSET=utf8;

INSERT INTO `articles` (`id`, `author_id`, `date_added`) VALUES
	(1, 1, 1336465035),
	(2, 3, 1336551435),
	(3, 2, 1336637835),
	(4, 1, 1336724235),
	(5, 1, 1336810635),
	(6, 2, 1336897035),
	(7, 2, 1336983435),
	(8, 3, 1337069835),
	(9, 1, 1337156235),
	(10, 3, 1337242635);

CREATE TABLE IF NOT EXISTS `articles_data` (
  `pid` int(10) NOT NULL,
  `status` int(3) NOT NULL,
  `lang` varchar(255) NOT NULL,
  `content` text NOT NULL
) ENGINE=InnoDB DEFAULT CHARSET=utf8;

INSERT INTO `articles_data` (`pid`, `status`, `lang`, `content`) VALUES
	(1, 0, 'en', '{"title":{"title":"Fantastic Four is Lorem ipsum dolor sit amet, consectetur adipiscing elit.","title_image":"images\\/title_images\\/fnf_title_image.jpg"},"body":"Lorem ipsum dolor sit amet, consectetur adipiscing elit. Aliquam eget risus dui. Ut sollicitudin, ante sit amet vehicula egestas, lacus risus tempus elit, id pretium sapien lorem ut lectus. Sed sagittis neque at odio sollicitudin elementum. Proin at tellus ac dui porta bibendum. Sed nulla elit, tincidunt nec commodo vitae, porta sit amet nunc. Donec accumsan venenatis enim vel vulputate. Class aptent taciti sociosqu ad litora torquent per conubia nostra, per inceptos himenaeos. Donec sollicitudin consequat tincidunt. Praesent gravida faucibus convallis. Morbi sollicitudin, lectus sed bibendum tempor, massa massa imperdiet risus, at porta felis eros ut tortor. Ut eget fermentum libero. In ultrices urna in massa venenatis ullamcorper eu a tortor. Maecenas fringilla erat eget metus eleifend egestas iaculis nibh pellentesque.","url":"\\/article-1"}'),
	(1, 2, 'ru', '{"title":{"title":"Russian content Fantastic Four is Lorem ipsum dolor sit amet, consectetur adipiscing elit.","title_image":"images\\/title_images\\/fnf_title_image.jpg"},"body":"Lorem ipsum dolor sit amet, consectetur adipiscing elit. Aliquam eget risus dui. Ut sollicitudin, ante sit amet vehicula egestas, lacus risus tempus elit, id pretium sapien lorem ut lectus. Sed sagittis neque at odio sollicitudin elementum. Proin at tellus ac dui porta bibendum. Sed nulla elit, tincidunt nec commodo vitae, porta sit amet nunc. Donec accumsan venenatis enim vel vulputate. Class aptent taciti sociosqu ad litora torquent per conubia nostra, per inceptos himenaeos. Donec sollicitudin consequat tincidunt. Praesent gravida faucibus convallis. Morbi sollicitudin, lectus sed bibendum tempor, massa massa imperdiet risus, at porta felis eros ut tortor. Ut eget fermentum libero. In ultrices urna in massa venenatis ullamcorper eu a tortor. Maecenas fringilla erat eget metus eleifend egestas iaculis nibh pellentesque.","url":"\\/article-1"}'),
	(2, 0, 'en', '{"title":{"title":"The Gladiator is Lorem ipsum dolor sit amet, consectetur adipiscing elit.","title_image":"images\\/title_images\\/gladiator_title_image.jpg"},"body":"Lorem ipsum dolor sit amet, consectetur adipiscing elit. Aliquam eget risus dui. Ut sollicitudin, ante sit amet vehicula egestas, lacus risus tempus elit, id pretium sapien lorem ut lectus. Sed sagittis neque at odio sollicitudin elementum. Proin at tellus ac dui porta bibendum. Sed nulla elit, tincidunt nec commodo vitae, porta sit amet nunc. Donec accumsan venenatis enim vel vulputate. Class aptent taciti sociosqu ad litora torquent per conubia nostra, per inceptos himenaeos. Donec sollicitudin consequat tincidunt. Praesent gravida faucibus convallis. Morbi sollicitudin, lectus sed bibendum tempor, massa massa imperdiet risus, at porta felis eros ut tortor. Ut eget fermentum libero. In ultrices urna in massa venenatis ullamcorper eu a tortor. Maecenas fringilla erat eget metus eleifend egestas iaculis nibh pellentesque.","url":"\\/article-2"}'),
	(2, 2, 'ru', '{"title":{"title":"Russian content The Gladiator is Lorem ipsum dolor sit amet, consectetur adipiscing elit.","title_image":"images\\/title_images\\/gladiator_title_image.jpg"},"body":"Lorem ipsum dolor sit amet, consectetur adipiscing elit. Aliquam eget risus dui. Ut sollicitudin, ante sit amet vehicula egestas, lacus risus tempus elit, id pretium sapien lorem ut lectus. Sed sagittis neque at odio sollicitudin elementum. Proin at tellus ac dui porta bibendum. Sed nulla elit, tincidunt nec commodo vitae, porta sit amet nunc. Donec accumsan venenatis enim vel vulputate. Class aptent taciti sociosqu ad litora torquent per conubia nostra, per inceptos himenaeos. Donec sollicitudin consequat tincidunt. Praesent gravida faucibus convallis. Morbi sollicitudin, lectus sed bibendum tempor, massa massa imperdiet risus, at porta felis eros ut tortor. Ut eget fermentum libero. In ultrices urna in massa venenatis ullamcorper eu a tortor. Maecenas fringilla erat eget metus eleifend egestas iaculis nibh pellentesque.","url":"\\/article-2"}'),
	(3, 1, 'en', '{"title":{"title":"Incredible Hulk is Lorem ipsum dolor sit amet, consectetur adipiscing elit.","title_image":"images\\/title_images\\/hulk_title_image.jpg"},"body":"Lorem ipsum dolor sit amet, consectetur adipiscing elit. Aliquam eget risus dui. Ut sollicitudin, ante sit amet vehicula egestas, lacus risus tempus elit, id pretium sapien lorem ut lectus. Sed sagittis neque at odio sollicitudin elementum. Proin at tellus ac dui porta bibendum. Sed nulla elit, tincidunt nec commodo vitae, porta sit amet nunc. Donec accumsan venenatis enim vel vulputate. Class aptent taciti sociosqu ad litora torquent per conubia nostra, per inceptos himenaeos. Donec sollicitudin consequat tincidunt. Praesent gravida faucibus convallis. Morbi sollicitudin, lectus sed bibendum tempor, massa massa imperdiet risus, at porta felis eros ut tortor. Ut eget fermentum libero. In ultrices urna in massa venenatis ullamcorper eu a tortor. Maecenas fringilla erat eget metus eleifend egestas iaculis nibh pellentesque.","url":"\\/article-3"}'),
	(3, 2, 'ru', '{"title":{"title":"Russian content Incredible Hulk is Lorem ipsum dolor sit amet, consectetur adipiscing elit.","title_image":"images\\/title_images\\/hulk_title_image.jpg"},"body":"Lorem ipsum dolor sit amet, consectetur adipiscing elit. Aliquam eget risus dui. Ut sollicitudin, ante sit amet vehicula egestas, lacus risus tempus elit, id pretium sapien lorem ut lectus. Sed sagittis neque at odio sollicitudin elementum. Proin at tellus ac dui porta bibendum. Sed nulla elit, tincidunt nec commodo vitae, porta sit amet nunc. Donec accumsan venenatis enim vel vulputate. Class aptent taciti sociosqu ad litora torquent per conubia nostra, per inceptos himenaeos. Donec sollicitudin consequat tincidunt. Praesent gravida faucibus convallis. Morbi sollicitudin, lectus sed bibendum tempor, massa massa imperdiet risus, at porta felis eros ut tortor. Ut eget fermentum libero. In ultrices urna in massa venenatis ullamcorper eu a tortor. Maecenas fringilla erat eget metus eleifend egestas iaculis nibh pellentesque.","url":"\\/article-3"}'),
	(4, 2, 'en', '{"title":{"title":"Iron Man is Lorem ipsum dolor sit amet, consectetur adipiscing elit.","title_image":"images\\/title_images\\/ironman_title_image.jpg"},"body":"Lorem ipsum dolor sit amet, consectetur adipiscing elit. Aliquam eget risus dui. Ut sollicitudin, ante sit amet vehicula egestas, lacus risus tempus elit, id pretium sapien lorem ut lectus. Sed sagittis neque at odio sollicitudin elementum. Proin at tellus ac dui porta bibendum. Sed nulla elit, tincidunt nec commodo vitae, porta sit amet nunc. Donec accumsan venenatis enim vel vulputate. Class aptent taciti sociosqu ad litora torquent per conubia nostra, per inceptos himenaeos. Donec sollicitudin consequat tincidunt. Praesent gravida faucibus convallis. Morbi sollicitudin, lectus sed bibendum tempor, massa massa imperdiet risus, at porta felis eros ut tortor. Ut eget fermentum libero. In ultrices urna in massa venenatis ullamcorper eu a tortor. Maecenas fringilla erat eget metus eleifend egestas iaculis nibh pellentesque.","url":"\\/article-4"}'),
	(4, 2, 'ru', '{"title":{"title":"Russian content Iron Man is Lorem ipsum dolor sit amet, consectetur adipiscing elit.","title_image":"images\\/title_images\\/ironman_title_image.jpg"},"body":"Lorem ipsum dolor sit amet, consectetur adipiscing elit. Aliquam eget risus dui. Ut sollicitudin, ante sit amet vehicula egestas, lacus risus tempus elit, id pretium sapien lorem ut lectus. Sed sagittis neque at odio sollicitudin elementum. Proin at tellus ac dui porta bibendum. Sed nulla elit, tincidunt nec commodo vitae, porta sit amet nunc. Donec accumsan venenatis enim vel vulputate. Class aptent taciti sociosqu ad litora torquent per conubia nostra, per inceptos himenaeos. Donec sollicitudin consequat tincidunt. Praesent gravida faucibus convallis. Morbi sollicitudin, lectus sed bibendum tempor, massa massa imperdiet risus, at porta felis eros ut tortor. Ut eget fermentum libero. In ultrices urna in massa venenatis ullamcorper eu a tortor. Maecenas fringilla erat eget metus eleifend egestas iaculis nibh pellentesque.","url":"\\/article-4"}'),
	(5, 2, 'en', '{"title":{"title":"Pink Panter is Lorem ipsum dolor sit amet, consectetur adipiscing elit.","title_image":"images\\/title_images\\/pink_title_image.jpg"},"body":"Lorem ipsum dolor sit amet, consectetur adipiscing elit. Aliquam eget risus dui. Ut sollicitudin, ante sit amet vehicula egestas, lacus risus tempus elit, id pretium sapien lorem ut lectus. Sed sagittis neque at odio sollicitudin elementum. Proin at tellus ac dui porta bibendum. Sed nulla elit, tincidunt nec commodo vitae, porta sit amet nunc. Donec accumsan venenatis enim vel vulputate. Class aptent taciti sociosqu ad litora torquent per conubia nostra, per inceptos himenaeos. Donec sollicitudin consequat tincidunt. Praesent gravida faucibus convallis. Morbi sollicitudin, lectus sed bibendum tempor, massa massa imperdiet risus, at porta felis eros ut tortor. Ut eget fermentum libero. In ultrices urna in massa venenatis ullamcorper eu a tortor. Maecenas fringilla erat eget metus eleifend egestas iaculis nibh pellentesque.","url":"\\/article-5"}'),
	(5, 0, 'ru', '{"title":{"title":"Russian content Pink Panter is Lorem ipsum dolor sit amet, consectetur adipiscing elit.","title_image":"images\\/title_images\\/pink_title_image.jpg"},"body":"Lorem ipsum dolor sit amet, consectetur adipiscing elit. Aliquam eget risus dui. Ut sollicitudin, ante sit amet vehicula egestas, lacus risus tempus elit, id pretium sapien lorem ut lectus. Sed sagittis neque at odio sollicitudin elementum. Proin at tellus ac dui porta bibendum. Sed nulla elit, tincidunt nec commodo vitae, porta sit amet nunc. Donec accumsan venenatis enim vel vulputate. Class aptent taciti sociosqu ad litora torquent per conubia nostra, per inceptos himenaeos. Donec sollicitudin consequat tincidunt. Praesent gravida faucibus convallis. Morbi sollicitudin, lectus sed bibendum tempor, massa massa imperdiet risus, at porta felis eros ut tortor. Ut eget fermentum libero. In ultrices urna in massa venenatis ullamcorper eu a tortor. Maecenas fringilla erat eget metus eleifend egestas iaculis nibh pellentesque.","url":"\\/article-5"}'),
	(6, 2, 'en', '{"title":{"title":"Fantastic Four is Lorem ipsum dolor sit amet, consectetur adipiscing elit.","title_image":"images\\/title_images\\/fnf_title_image.jpg"},"body":"Lorem ipsum dolor sit amet, consectetur adipiscing elit. Aliquam eget risus dui. Ut sollicitudin, ante sit amet vehicula egestas, lacus risus tempus elit, id pretium sapien lorem ut lectus. Sed sagittis neque at odio sollicitudin elementum. Proin at tellus ac dui porta bibendum. Sed nulla elit, tincidunt nec commodo vitae, porta sit amet nunc. Donec accumsan venenatis enim vel vulputate. Class aptent taciti sociosqu ad litora torquent per conubia nostra, per inceptos himenaeos. Donec sollicitudin consequat tincidunt. Praesent gravida faucibus convallis. Morbi sollicitudin, lectus sed bibendum tempor, massa massa imperdiet risus, at porta felis eros ut tortor. Ut eget fermentum libero. In ultrices urna in massa venenatis ullamcorper eu a tortor. Maecenas fringilla erat eget metus eleifend egestas iaculis nibh pellentesque.","url":"\\/article-6"}'),
	(6, 0, 'ru', '{"title":{"title":"Russian content Fantastic Four is Lorem ipsum dolor sit amet, consectetur adipiscing elit.","title_image":"images\\/title_images\\/fnf_title_image.jpg"},"body":"Lorem ipsum dolor sit amet, consectetur adipiscing elit. Aliquam eget risus dui. Ut sollicitudin, ante sit amet vehicula egestas, lacus risus tempus elit, id pretium sapien lorem ut lectus. Sed sagittis neque at odio sollicitudin elementum. Proin at tellus ac dui porta bibendum. Sed nulla elit, tincidunt nec commodo vitae, porta sit amet nunc. Donec accumsan venenatis enim vel vulputate. Class aptent taciti sociosqu ad litora torquent per conubia nostra, per inceptos himenaeos. Donec sollicitudin consequat tincidunt. Praesent gravida faucibus convallis. Morbi sollicitudin, lectus sed bibendum tempor, massa massa imperdiet risus, at porta felis eros ut tortor. Ut eget fermentum libero. In ultrices urna in massa venenatis ullamcorper eu a tortor. Maecenas fringilla erat eget metus eleifend egestas iaculis nibh pellentesque.","url":"\\/article-6"}'),
	(7, 1, 'en', '{"title":{"title":"The Gladiator is Lorem ipsum dolor sit amet, consectetur adipiscing elit.","title_image":"images\\/title_images\\/gladiator_title_image.jpg"},"body":"Lorem ipsum dolor sit amet, consectetur adipiscing elit. Aliquam eget risus dui. Ut sollicitudin, ante sit amet vehicula egestas, lacus risus tempus elit, id pretium sapien lorem ut lectus. Sed sagittis neque at odio sollicitudin elementum. Proin at tellus ac dui porta bibendum. Sed nulla elit, tincidunt nec commodo vitae, porta sit amet nunc. Donec accumsan venenatis enim vel vulputate. Class aptent taciti sociosqu ad litora torquent per conubia nostra, per inceptos himenaeos. Donec sollicitudin consequat tincidunt. Praesent gravida faucibus convallis. Morbi sollicitudin, lectus sed bibendum tempor, massa massa imperdiet risus, at porta felis eros ut tortor. Ut eget fermentum libero. In ultrices urna in massa venenatis ullamcorper eu a tortor. Maecenas fringilla erat eget metus eleifend egestas iaculis nibh pellentesque.","url":"\\/article-7"}'),
	(7, 0, 'ru', '{"title":{"title":"Russian content The Gladiator is Lorem ipsum dolor sit amet, consectetur adipiscing elit.","title_image":"images\\/title_images\\/gladiator_title_image.jpg"},"body":"Lorem ipsum dolor sit amet, consectetur adipiscing elit. Aliquam eget risus dui. Ut sollicitudin, ante sit amet vehicula egestas, lacus risus tempus elit, id pretium sapien lorem ut lectus. Sed sagittis neque at odio sollicitudin elementum. Proin at tellus ac dui porta bibendum. Sed nulla elit, tincidunt nec commodo vitae, porta sit amet nunc. Donec accumsan venenatis enim vel vulputate. Class aptent taciti sociosqu ad litora torquent per conubia nostra, per inceptos himenaeos. Donec sollicitudin consequat tincidunt. Praesent gravida faucibus convallis. Morbi sollicitudin, lectus sed bibendum tempor, massa massa imperdiet risus, at porta felis eros ut tortor. Ut eget fermentum libero. In ultrices urna in massa venenatis ullamcorper eu a tortor. Maecenas fringilla erat eget metus eleifend egestas iaculis nibh pellentesque.","url":"\\/article-7"}'),
	(8, 2, 'en', '{"title":{"title":"Incredible Hulk is Lorem ipsum dolor sit amet, consectetur adipiscing elit.","title_image":"images\\/title_images\\/hulk_title_image.jpg"},"body":"Lorem ipsum dolor sit amet, consectetur adipiscing elit. Aliquam eget risus dui. Ut sollicitudin, ante sit amet vehicula egestas, lacus risus tempus elit, id pretium sapien lorem ut lectus. Sed sagittis neque at odio sollicitudin elementum. Proin at tellus ac dui porta bibendum. Sed nulla elit, tincidunt nec commodo vitae, porta sit amet nunc. Donec accumsan venenatis enim vel vulputate. Class aptent taciti sociosqu ad litora torquent per conubia nostra, per inceptos himenaeos. Donec sollicitudin consequat tincidunt. Praesent gravida faucibus convallis. Morbi sollicitudin, lectus sed bibendum tempor, massa massa imperdiet risus, at porta felis eros ut tortor. Ut eget fermentum libero. In ultrices urna in massa venenatis ullamcorper eu a tortor. Maecenas fringilla erat eget metus eleifend egestas iaculis nibh pellentesque.","url":"\\/article-8"}'),
	(8, 2, 'ru', '{"title":{"title":"Russian content Incredible Hulk is Lorem ipsum dolor sit amet, consectetur adipiscing elit.","title_image":"images\\/title_images\\/hulk_title_image.jpg"},"body":"Lorem ipsum dolor sit amet, consectetur adipiscing elit. Aliquam eget risus dui. Ut sollicitudin, ante sit amet vehicula egestas, lacus risus tempus elit, id pretium sapien lorem ut lectus. Sed sagittis neque at odio sollicitudin elementum. Proin at tellus ac dui porta bibendum. Sed nulla elit, tincidunt nec commodo vitae, porta sit amet nunc. Donec accumsan venenatis enim vel vulputate. Class aptent taciti sociosqu ad litora torquent per conubia nostra, per inceptos himenaeos. Donec sollicitudin consequat tincidunt. Praesent gravida faucibus convallis. Morbi sollicitudin, lectus sed bibendum tempor, massa massa imperdiet risus, at porta felis eros ut tortor. Ut eget fermentum libero. In ultrices urna in massa venenatis ullamcorper eu a tortor. Maecenas fringilla erat eget metus eleifend egestas iaculis nibh pellentesque.","url":"\\/article-8"}'),
	(9, 0, 'en', '{"title":{"title":"Iron Man is Lorem ipsum dolor sit amet, consectetur adipiscing elit.","title_image":"images\\/title_images\\/ironman_title_image.jpg"},"body":"Lorem ipsum dolor sit amet, consectetur adipiscing elit. Aliquam eget risus dui. Ut sollicitudin, ante sit amet vehicula egestas, lacus risus tempus elit, id pretium sapien lorem ut lectus. Sed sagittis neque at odio sollicitudin elementum. Proin at tellus ac dui porta bibendum. Sed nulla elit, tincidunt nec commodo vitae, porta sit amet nunc. Donec accumsan venenatis enim vel vulputate. Class aptent taciti sociosqu ad litora torquent per conubia nostra, per inceptos himenaeos. Donec sollicitudin consequat tincidunt. Praesent gravida faucibus convallis. Morbi sollicitudin, lectus sed bibendum tempor, massa massa imperdiet risus, at porta felis eros ut tortor. Ut eget fermentum libero. In ultrices urna in massa venenatis ullamcorper eu a tortor. Maecenas fringilla erat eget metus eleifend egestas iaculis nibh pellentesque.","url":"\\/article-9"}'),
	(9, 1, 'ru', '{"title":{"title":"Russian content Iron Man is Lorem ipsum dolor sit amet, consectetur adipiscing elit.","title_image":"images\\/title_images\\/ironman_title_image.jpg"},"body":"Lorem ipsum dolor sit amet, consectetur adipiscing elit. Aliquam eget risus dui. Ut sollicitudin, ante sit amet vehicula egestas, lacus risus tempus elit, id pretium sapien lorem ut lectus. Sed sagittis neque at odio sollicitudin elementum. Proin at tellus ac dui porta bibendum. Sed nulla elit, tincidunt nec commodo vitae, porta sit amet nunc. Donec accumsan venenatis enim vel vulputate. Class aptent taciti sociosqu ad litora torquent per conubia nostra, per inceptos himenaeos. Donec sollicitudin consequat tincidunt. Praesent gravida faucibus convallis. Morbi sollicitudin, lectus sed bibendum tempor, massa massa imperdiet risus, at porta felis eros ut tortor. Ut eget fermentum libero. In ultrices urna in massa venenatis ullamcorper eu a tortor. Maecenas fringilla erat eget metus eleifend egestas iaculis nibh pellentesque.","url":"\\/article-9"}'),
	(10, 0, 'en', '{"title":{"title":"Pink Panter is Lorem ipsum dolor sit amet, consectetur adipiscing elit.","title_image":"images\\/title_images\\/pink_title_image.jpg"},"body":"Lorem ipsum dolor sit amet, consectetur adipiscing elit. Aliquam eget risus dui. Ut sollicitudin, ante sit amet vehicula egestas, lacus risus tempus elit, id pretium sapien lorem ut lectus. Sed sagittis neque at odio sollicitudin elementum. Proin at tellus ac dui porta bibendum. Sed nulla elit, tincidunt nec commodo vitae, porta sit amet nunc. Donec accumsan venenatis enim vel vulputate. Class aptent taciti sociosqu ad litora torquent per conubia nostra, per inceptos himenaeos. Donec sollicitudin consequat tincidunt. Praesent gravida faucibus convallis. Morbi sollicitudin, lectus sed bibendum tempor, massa massa imperdiet risus, at porta felis eros ut tortor. Ut eget fermentum libero. In ultrices urna in massa venenatis ullamcorper eu a tortor. Maecenas fringilla erat eget metus eleifend egestas iaculis nibh pellentesque.","url":"\\/article-10"}'),
	(10, 0, 'ru', '{"title":{"title":"Russian content Pink Panter is Lorem ipsum dolor sit amet, consectetur adipiscing elit.","title_image":"images\\/title_images\\/pink_title_image.jpg"},"body":"Lorem ipsum dolor sit amet, consectetur adipiscing elit. Aliquam eget risus dui. Ut sollicitudin, ante sit amet vehicula egestas, lacus risus tempus elit, id pretium sapien lorem ut lectus. Sed sagittis neque at odio sollicitudin elementum. Proin at tellus ac dui porta bibendum. Sed nulla elit, tincidunt nec commodo vitae, porta sit amet nunc. Donec accumsan venenatis enim vel vulputate. Class aptent taciti sociosqu ad litora torquent per conubia nostra, per inceptos himenaeos. Donec sollicitudin consequat tincidunt. Praesent gravida faucibus convallis. Morbi sollicitudin, lectus sed bibendum tempor, massa massa imperdiet risus, at porta felis eros ut tortor. Ut eget fermentum libero. In ultrices urna in massa venenatis ullamcorper eu a tortor. Maecenas fringilla erat eget metus eleifend egestas iaculis nibh pellentesque.","url":"\\/article-10"}');


CREATE TABLE IF NOT EXISTS `authors` (
  `id` int(11) unsigned NOT NULL AUTO_INCREMENT,
  `name` varchar(50) NOT NULL DEFAULT '0',
  PRIMARY KEY (`id`)
) ENGINE=InnoDB AUTO_INCREMENT=4 DEFAULT CHARSET=utf8;

INSERT INTO `authors` (`id`, `name`) VALUES
	(1, 'Don Jones'),
	(2, 'Jack Sparrow'),
	(3, 'Griffin Bryson');
